,Group,Scores,Time
0,Control,5.971435164,August
1,Control,4.309024305,August
2,Control,6.932706968,August
3,Control,5.187348104,August
4,Control,4.779411267,August
5,Control,6.38716294,August
6,Control,6.359588414,August
7,Control,4.863476496,August
8,Control,5.515696372,August
9,Control,3.257315046,August
10,Control,6.650035725,August
11,Control,6.491946022,August
12,Control,6.453324128,August
13,Control,3.47874518,August
14,Control,5.165922634,August
15,Control,5.502118365,August
16,Control,5.905453412,August
17,Control,5.789091941,August
18,Control,6.821158192,August
19,Control,3.953094447,August
20,Control,5.297353675,August
21,Control,4.844030656,August
22,Control,5.693421376,August
23,Control,6.053438911,August
24,Control,6.818151554,August
25,Control,5.030694715,August
26,Control,6.175554085,August
27,Control,3.682972773,August
28,Control,5.31689146,August
29,Control,6.558969188,August
30,Control,5.102159772,January
31,Control,5.837437654,January
32,Control,6.547578573,January
33,Control,6.545938256,January
34,Control,6.363717292,January
35,Control,5.377908425,January
36,Control,5.624712954,January
37,Control,5.177205194,January
38,Control,6.341674713,January
39,Control,7.890960515,January
40,Control,5.576199588,January
41,Control,4.93355407,January
42,Control,5.536141937,January
43,Control,3.425022399,January
44,Control,5.7477922,January
45,Control,4.602843216,January
46,Control,5.363205167,January
47,Control,5.518289191,January
48,Control,6.255413982,January
49,Control,5.715268581,January
50,Control,6.341008795,January
51,Control,4.054189923,January
52,Control,4.098026718,January
53,Control,5.3990818,January
54,Control,4.951757551,January
55,Control,5.355380492,January
56,Control,5.854020332,January
57,Control,5.464486975,January
58,Control,6.065738306,January
59,Control,7.045658805,January
60,Control,4.525763666,June
61,Control,5.429655123,June
62,Control,5.807968855,June
63,Control,5.291501237,June
64,Control,6.533800733,June
65,Control,3.099546366,June
66,Control,7.530603621,June
67,Control,4.357368711,June
68,Control,5.711883387,June
69,Control,6.204720624,June
70,Control,4.714564788,June
71,Control,5.962059737,June
72,Control,6.204228225,June
73,Control,6.023507968,June
74,Control,4.573745686,June
75,Control,7.507842951,June
76,Control,5.726962542,June
77,Control,4.347340891,June
78,Control,6.131979446,June
79,Control,5.539512687,June
80,Control,5.964392325,June
81,Control,1.936483339,June
82,Control,6.821105615,June
83,Control,5.652630552,June
84,Control,5.664529543,June
85,Control,5.069904309,June
86,Control,6.267368736,June
87,Control,6.484919842,June
88,Control,5.770835849,June
89,Control,6.891986193,June
90,Meditation,5.579842313,August
91,Meditation,5.100035419,August
92,Meditation,4.472149441,August
93,Meditation,4.915281789,August
94,Meditation,6.316593927,August
95,Meditation,5.418052948,August
96,Meditation,5.155233986,August
97,Meditation,6.028288145,August
98,Meditation,4.431011217,August
99,Meditation,4.988118691,August
100,Meditation,5.79120536,August
101,Meditation,6.066533696,August
102,Meditation,6.003591759,August
103,Meditation,5.785295685,August
104,Meditation,5.984288113,August
105,Meditation,6.863481512,August
106,Meditation,4.718894716,August
107,Meditation,5.031982334,August
108,Meditation,6.724574355,August
109,Meditation,4.218891725,August
110,Meditation,6.375475504,August
111,Meditation,3.789284676,August
112,Meditation,5.049234897,August
113,Meditation,6.249163806,August
114,Meditation,5.296067134,August
115,Meditation,5.317824588,August
116,Meditation,6.180656004,August
117,Meditation,3.68150101,August
118,Meditation,5.547071635,August
119,Meditation,5.894844209,August
120,Meditation,5.551567946,January
121,Meditation,5.182293352,January
122,Meditation,5.117116004,January
123,Meditation,6.236257604,January
124,Meditation,4.096987226,January
125,Meditation,6.193710599,January
126,Meditation,5.320675996,January
127,Meditation,5.500983707,January
128,Meditation,6.494103288,January
129,Meditation,6.478629674,January
130,Meditation,6.039555995,January
131,Meditation,5.951226629,January
132,Meditation,6.616127233,January
133,Meditation,7.693534468,January
134,Meditation,6.439632763,January
135,Meditation,4.837971168,January
136,Meditation,3.714734358,January
137,Meditation,7.730246767,January
138,Meditation,4.064651126,January
139,Meditation,7.010383705,January
140,Meditation,6.597435419,January
141,Meditation,5.420189216,January
142,Meditation,6.502562224,January
143,Meditation,4.949653728,January
144,Meditation,6.97681245,January
145,Meditation,5.275663897,January
146,Meditation,6.500907731,January
147,Meditation,6.784188071,January
148,Meditation,5.678271591,January
149,Meditation,8.165768629,January
150,Meditation,7.296142926,June
151,Meditation,7.596594867,June
152,Meditation,6.32597911,June
153,Meditation,6.743304284,June
154,Meditation,8.157797258,June
155,Meditation,5.995166276,June
156,Meditation,4.676379751,June
157,Meditation,6.46649756,June
158,Meditation,5.913280648,June
159,Meditation,7.134197931,June
160,Meditation,7.336783825,June
161,Meditation,6.056169632,June
162,Meditation,6.479796118,June
163,Meditation,5.883801139,June
164,Meditation,5.9403317,June
165,Meditation,7.025985487,June
166,Meditation,7.428775827,June
167,Meditation,6.986494349,June
168,Meditation,7.752478345,June
169,Meditation,7.788137583,June
170,Meditation,6.727391686,June
171,Meditation,6.249397076,June
172,Meditation,5.861847386,June
173,Meditation,5.560928437,June
174,Meditation,6.939683274,June
175,Meditation,6.576981018,June
176,Meditation,8.923691889,June
177,Meditation,6.922273434,June
178,Meditation,5.39056826,June
179,Meditation,8.222985953,June
